<?xml version="1.0" ?>
<mosinstall type="component">
	<name>blastchatc</name>
	<creationDate>01/01/2009</creationDate>
	<copyright>2004-2009 BlastChat. All rights reserved</copyright>
	<license>GNU/GPL, see LICENSE.php</license>
	<author>BlastChat</author>
	<authorEmail>support@blastchat.com</authorEmail>
	<authorUrl>www.blastchat.com</authorUrl>
	<version>3.0</version>
	<description>BlastChat Client 3.0 - providing chat functionality to your website using blastchat.com chat hosting service</description>
	<installfile>install.blastchatc.php</installfile>
	<uninstallfile>uninstall.blastchatc.php</uninstallfile>
	<files>
        <filename>images/blastchat.ico</filename>
        <filename>images/gplv3-88x31.png</filename>
		<filename>images/collapseall.png</filename>
		<filename>images/con_info.png</filename>
		<filename>images/config.png</filename>
		<filename>images/credits.png</filename>
		<filename>images/detach.gif</filename>
		<filename>images/expandall.png</filename>
		<filename>images/offline.png</filename>
		<filename>images/online.png</filename>
		<filename>images/profiles.gif</filename>
		<filename>images/undetach.gif</filename>
		<filename>images/index.html</filename>
		<filename>languages/arabic.php</filename>
		<filename>languages/basque.php</filename>
		<filename>languages/dutch.php</filename>
		<filename>languages/english.php</filename>
		<filename>languages/esperanto.php</filename>
		<filename>languages/farsi.php</filename>
		<filename>languages/french.php</filename>
		<filename>languages/german.php</filename>
		<filename>languages/hungarian.php</filename>
		<filename>languages/italian.php</filename>
		<filename>languages/norwegian.php</filename>
		<filename>languages/russian.php</filename>
		<filename>languages/simplified_chinese.php</filename>
		<filename>languages/slovenian.php</filename>
		<filename>languages/spanish.php</filename>
		<filename>languages/traditional_chinese.php</filename>
		<filename>languages/turkish.php</filename>
		<filename>languages/index.html</filename>
		<filename>api.blastchatc.php</filename>
		<filename>banner.blastchatc.php</filename>
		<filename>blastchatc.php</filename>
		<filename>blastchatc.xml</filename>
		<filename>index.html</filename>
		<filename>COPYRIGHT.php</filename>
		<filename>LICENSE.php</filename>
		<filename>CREDITS.php</filename>
	</files>
	<administration>
		<menu link="option=com_blastchatc&amp;task=configc" img="../components/com_blastchatc/images/blastchat.ico">BlastChat Client</menu>
			<submenu>
				<menu type="config" task="config" alt="BlastChat Client - Configuration">Configuration</menu>
				<menu type="config" task="register" alt="BlastChat Client - Registration">Registration</menu>
				<menu type="config" task="credits" alt="BlastChat Client - Credits">Credits</menu>
			</submenu>
		<files>
			<filename>help/en-GB/css/help.css</filename>
			<filename>help/en-GB/blastchatc.html</filename>
			<filename>help/en-GB/index.html</filename>
			<filename>help/css/help.css</filename>
			<filename>help/blastchatc.html</filename>
			<filename>help/index.html</filename>
			<filename>admin.blastchatc.html.php</filename>
			<filename>admin.blastchatc.php</filename>
			<filename>class.blastchatc.php</filename>
			<filename>index.html</filename>
			<filename>install.blastchatc.php</filename>
			<filename>toolbar.blastchatc.html.php</filename>
			<filename>toolbar.blastchatc.php</filename>
			<filename>uninstall.blastchatc.php</filename>
		</files>
	</administration>
</mosinstall>
